material,orderlimit,Var_qty,bo_qty,diff
AC01,6,201.4989591775574,26.124172185430467,175.37478699212693
AC01,12,158.28443799088922,26.124172185430467,132.16026580545875
AC01,18,135.9355849753406,26.124172185430467,109.81141278991012
AC01,24,116.24303566958508,26.124172185430467,90.11886348415462
AC01,30,98.52569575770642,26.124172185430467,72.40152357227595
AC01,36,82.38240948239118,26.124172185430467,56.258237296960715
AC01,42,67.54810655624698,26.124172185430467,41.42393437081651
AC01,48,53.83439071478344,26.124172185430467,27.71021852935297
AC01,54,44.338161978448554,26.124172185430467,18.213989793018087
AK104,2,3521.176550800405,10356.911387163562,6835.734836363157
AK104,4,1424.283997475201,10356.911387163562,8932.627389688361
AK104,6,1033.2325274593259,10356.911387163562,9323.678859704236
AK104,8,892.9389650298137,10356.911387163562,9463.972422133747
AK104,10,787.6121391864942,10356.911387163562,9569.299247977067
AK104,12,700.5436645575112,10356.911387163562,9656.36772260605
AK104,14,650.795063299649,10356.911387163562,9706.116323863913
AK104,16,604.034694267602,10356.911387163562,9752.87669289596
AK104,18,559.886920748321,10356.911387163562,9797.024466415241
ALU02,12,1140.905672782118,1675.955,535.0493272178819
ALU02,24,694.0248612975931,1675.955,981.9301387024068
ALU02,36,472.1622837924848,1675.955,1203.7927162075152
ALU02,48,317.5026614384874,1675.955,1358.4523385615125
ALU02,60,221.0243346029431,1675.955,1454.9306653970568
ALU02,72,135.03969867782166,1675.955,1540.9153013221783
ALU02,84,64.15808808486872,1675.955,1611.7969119151312
ALU02,96,0.0,1675.955,1675.955
ALU02,108,0.0,1675.955,1675.955
ALU03,12,1983.799127036643,1030.2933333333333,953.5057937033098
ALU03,24,1355.4072881416123,1030.2933333333333,325.113954808279
ALU03,36,1063.593065362532,1030.2933333333333,33.299732029198594
ALU03,48,858.0711555796136,1030.2933333333333,172.22217775371973
ALU03,60,694.8079561817676,1030.2933333333333,335.4853771515657
ALU03,72,553.5842434341268,1030.2933333333333,476.70908989920645
ALU03,84,443.70711762516794,1030.2933333333333,586.5862157081654
ALU03,96,342.0476304372005,1030.2933333333333,688.2457028961328
ALU03,108,247.5727809093396,1030.2933333333333,782.7205524239937
BGL311,4,32801.20179100757,79429.74889705882,46628.54710605125
BGL311,8,13516.25537215183,79429.74889705882,65913.49352490698
BGL311,12,6778.198234794571,79429.74889705882,72651.55066226424
BGL311,16,4844.345791808575,79429.74889705882,74585.40310525024
BGL311,20,3455.0043594348376,79429.74889705882,75974.74453762398
BGL311,24,2360.9437937584325,79429.74889705882,77068.80510330039
BGL311,28,1938.9521140788988,79429.74889705882,77490.79678297992
BGL311,32,1558.9060583744897,79429.74889705882,77870.84283868433
BGL311,36,1213.6386483007284,79429.74889705882,78216.1102487581
BGL506,4,22254.677554802845,122738.7245792079,100484.04702440507
BGL506,8,10027.494732622186,122738.7245792079,112711.22984658572
BGL506,12,6693.944332597666,122738.7245792079,116044.78024661024
BGL506,16,5861.039542134368,122738.7245792079,116877.68503707353
BGL506,20,5215.1136747571245,122738.7245792079,117523.61090445078
BGL506,24,4657.695543677716,122738.7245792079,118081.02903553018
BGL506,28,4327.978160278195,122738.7245792079,118410.74641892972
BGL506,32,4019.427421811531,122738.7245792079,118719.29715739637
BGL506,36,3731.5410774188535,122738.7245792079,119007.18350178906
BH02,6,609.9092266680286,235.47333333333333,374.43589333469527
BH02,12,224.86904891331824,235.47333333333333,10.604284420015091
BH02,18,153.84821331501132,235.47333333333333,81.62512001832201
BH02,24,120.12065883687612,235.47333333333333,115.35267449645721
BH02,30,97.18732549730365,235.47333333333333,138.28600783602968
BH02,36,86.32584031219335,235.47333333333333,149.14749302113998
BH02,42,79.52524552871134,235.47333333333333,155.948087804622
BH02,48,73.09817977345621,235.47333333333333,162.3751535598771
BH02,54,66.99768845729682,235.47333333333333,168.4756448760365
BH03,6,541.2298147947173,421.82666666666665,119.40314812805065
BH03,12,97.30798433417976,421.82666666666665,324.5186823324869
BH03,18,37.336973783301346,421.82666666666665,384.4896928833653
BH03,24,16.77528010406445,421.82666666666665,405.0513865626022
BH03,30,11.876400520322257,421.82666666666665,409.9502661463444
BH03,36,7.502205482101203,421.82666666666665,414.32446118456545
BH03,42,3.564338226937153,421.82666666666665,418.2623284397295
BH03,48,0.0,421.82666666666665,421.82666666666665
BH03,54,0.0,421.82666666666665,421.82666666666665
BH05,6,2181.9167372291417,611.1416666666667,1570.775070562475
BH05,12,745.013377703907,611.1416666666667,133.8717110372404
BH05,18,556.627202423942,611.1416666666667,54.51446424272467
BH05,24,430.13137487550176,611.1416666666667,181.0102917911649
BH05,30,364.05182327727755,611.1416666666667,247.0898433893891
BH05,36,304.26848622530696,611.1416666666667,306.8731804413597
BH05,42,262.4740219120775,611.1416666666667,348.66764475458916
BH05,48,226.88417636973418,611.1416666666667,384.2574902969325
BH05,54,196.81811568890248,611.1416666666667,414.32355097776417
BK111,2,5314.114562600062,354.6521904761905,4959.462372123871
BK111,4,2078.5552484653726,354.6521904761905,1723.9030579891821
BK111,6,1321.7286729627779,354.6521904761905,967.0764824865873
BK111,8,1084.9019687373993,354.6521904761905,730.2497782612088
BK111,10,933.8773724989194,354.6521904761905,579.2251820227289
BK111,12,809.9664932992802,354.6521904761905,455.31430282308963
BK111,14,748.4118938273509,354.6521904761905,393.7597033511604
BK111,16,691.6647134860478,354.6521904761905,337.0125230098573
BK111,18,640.2329285812311,354.6521904761905,285.5807381050406
BK139,4,53355.307194265035,147737.3246023689,94382.01740810386
BK139,8,26975.017234042745,147737.3246023689,120762.30736832615
BK139,12,15544.513454220523,147737.3246023689,132192.81114814838
BK139,16,11518.81913691191,147737.3246023689,136218.50546545698
BK139,20,8547.454574016503,147737.3246023689,139189.8700283524
BK139,24,6126.050606104497,147737.3246023689,141611.2739962644
BK139,28,5171.953250128723,147737.3246023689,142565.37135224018
BK139,32,4318.541811511044,147737.3246023689,143418.78279085786
BK139,36,3547.476964219528,147737.3246023689,144189.84763814937
BKP139,4,17006.8101399417,20341.712633333336,3334.902493391637
BKP139,8,6199.070639272702,20341.712633333336,14142.641994060636
BKP139,12,2986.064146378086,20341.712633333336,17355.64848695525
BKP139,16,2293.222818984008,20341.712633333336,18048.489814349326
BKP139,20,1741.7753689980464,20341.712633333336,18599.93726433529
BKP139,24,1282.686077715392,20341.712633333336,19059.026555617944
BKP139,28,1067.518091238664,20341.712633333336,19274.194542094672
BKP139,32,868.7853820039192,20341.712633333336,19472.927251329416
BKP139,36,688.7389664731755,20341.712633333336,19652.97366686016
BPL01,6,793.2572403818998,283.84999999999997,509.40724038189984
BPL01,12,485.70551743373716,283.84999999999997,201.8555174337372
BPL01,18,401.27255875864194,283.84999999999997,117.42255875864197
BPL01,24,349.01537513084793,283.84999999999997,65.16537513084796
BPL01,30,318.8057208647683,283.84999999999997,34.95572086476835
BPL01,36,294.36896446858,283.84999999999997,10.518964468580009
BPL01,42,274.86575404013394,283.84999999999997,8.98424595986603
BPL01,48,256.48313069636856,283.84999999999997,27.366869303631404
BPL01,54,239.0802306698904,283.84999999999997,44.76976933010957
FIP150U,1,661.9619384971052,84.39999999999999,577.5619384971052
FIP150U,2,239.03627231131003,84.39999999999999,154.63627231131005
FIP150U,3,104.39815235153637,84.39999999999999,19.998152351536376
FIP150U,4,68.18577389750874,84.39999999999999,16.214226102491253
FIP150U,5,46.51871932309439,84.39999999999999,37.881280676905604
FIP150U,6,28.0,84.39999999999999,56.39999999999999
FIP150U,7,25.937255054828583,84.39999999999999,58.46274494517141
FIP150U,8,23.9990197857328,84.39999999999999,60.40098021426719
FIP150U,9,22.169642663002264,84.39999999999999,62.23035733699773
FIS100,1,1047.370786229881,76.77333333333333,970.5974528965478
FIS100,2,408.3895655221323,76.77333333333333,331.61623218879896
FIS100,3,168.19743251999338,76.77333333333333,91.42409918666006
FIS100,4,112.74584455674835,76.77333333333333,35.972511223415026
FIS100,5,75.90980894794954,76.77333333333333,0.8635243853837835
FIS100,6,45.02088212296968,76.77333333333333,31.752451210363645
FIS100,7,38.80475516869801,76.77333333333333,37.96857816463532
FIS100,8,33.56047650486954,76.77333333333333,43.212856828463785
FIS100,9,28.642772280136832,76.77333333333333,48.130561053196494
GC07,2,1192.755206838641,293.94166666666666,898.8135401719744
GC07,4,215.04608216081624,293.94166666666666,78.89558450585042
GC07,6,60.84590177230813,293.94166666666666,233.09576489435852
GC07,8,20.44649914906949,293.94166666666666,273.49516751759717
GC07,10,7.249125237142508,293.94166666666666,286.69254142952417
GC07,12,0.0,293.94166666666666,293.94166666666666
GC07,14,0.0,293.94166666666666,293.94166666666666
GC07,16,0.0,293.94166666666666,293.94166666666666
GC07,18,0.0,293.94166666666666,293.94166666666666
GC08,2,1181.5264193858377,430.3066666666668,751.2197527191709
GC08,4,208.18026728989764,430.3066666666668,222.12639937676914
GC08,6,59.32098924859388,430.3066666666668,370.9856774180729
GC08,8,19.07994911745049,430.3066666666668,411.2267175492163
GC08,10,6.040937697618752,430.3066666666668,424.26572896904804
GC08,12,0.0,430.3066666666668,430.3066666666668
GC08,14,0.0,430.3066666666668,430.3066666666668
GC08,16,0.0,430.3066666666668,430.3066666666668
GC08,18,0.0,430.3066666666668,430.3066666666668
GC09,2,1240.7140070120818,324.245,916.4690070120818
GC09,4,233.04608216081624,324.245,91.19891783918376
GC09,6,74.95899688097631,324.245,249.2860031190237
GC09,8,31.26297907969319,324.245,292.9820209203068
GC09,10,16.23882528050269,324.245,308.0061747194973
GC09,12,8.387640052032225,324.245,315.8573599479678
GC09,14,6.722835115532849,324.245,317.52216488446714
GC09,16,5.182539855109098,324.245,319.0624601448909
GC09,18,3.7511027410506017,324.245,320.4938972589494
GC10,2,1477.0395851953347,770.0066666666667,707.032918528668
GC10,4,281.4163563419685,770.0066666666667,488.5903103246982
GC10,6,84.15428722839323,770.0066666666667,685.8523794382734
GC10,8,33.85424900724774,770.0066666666667,736.1524176594189
GC10,10,17.447012820026448,770.0066666666667,752.5596538466402
GC10,12,8.387640052032225,770.0066666666667,761.6190266146344
GC10,14,6.722835115532849,770.0066666666667,763.2838315511339
GC10,16,5.182539855109098,770.0066666666667,764.8241268115576
GC10,18,3.7511027410506017,770.0066666666667,766.2555639256161
GC20,2,1075.0546813810931,1356.6733333333334,281.61865195224027
GC20,4,218.49895270262255,1356.6733333333334,1138.1743806307109
GC20,6,80.29008937867445,1356.6733333333334,1276.383243954659
GC20,8,38.03825918375764,1356.6733333333334,1318.6350741495758
GC20,10,25.26972515042213,1356.6733333333334,1331.4036081829113
GC20,12,18.274544943364052,1356.6733333333334,1338.3987883899692
GC20,14,16.25755748875331,1356.6733333333334,1340.4157758445801
GC20,16,14.3650797102182,1356.6733333333334,1342.3082536231152
GC20,18,12.581460078048337,1356.6733333333334,1344.091873255285
GD02,2,2217.6778160760423,403.3333333333333,1814.344482742709
GD02,4,453.4625314952915,403.3333333333333,50.129198161958186
GD02,6,137.19973473977745,403.3333333333333,266.13359859355586
GD02,8,69.90896440349017,403.3333333333333,333.4243689298431
GD02,10,49.45360732549062,403.3333333333333,353.8797260078427
GD02,12,37.74572841116075,403.3333333333333,365.58760492217255
GD02,14,32.51511497750662,403.3333333333333,370.8182183558267
GD02,16,28.7301594204364,403.3333333333333,374.6031739128969
GD02,18,25.162920156096675,403.3333333333333,378.17041317723664
GD03,2,1543.6054931312385,166.66833333333332,1376.9371597979052
GD03,4,281.5500513639163,166.66833333333332,114.88171803058296
GD03,6,91.07209198964448,166.66833333333332,75.59624134368885
GD03,8,43.07896890318328,166.66833333333332,123.58936443015004
GD03,10,26.477912689945878,166.66833333333332,140.19042064338745
GD03,12,18.274544943364052,166.66833333333332,148.39378838996927
GD03,14,16.25755748875331,166.66833333333332,150.41077584458
GD03,16,14.3650797102182,166.66833333333332,152.30325362311513
GD03,18,12.581460078048337,166.66833333333332,154.08687325528498
GD04,2,2154.1064221193847,212.12333333333333,1941.9830887860512
GD04,4,458.930224379803,212.12333333333333,246.80689104646967
GD04,6,166.270322979863,212.12333333333333,45.853010353470324
GD04,8,93.66827840220343,212.12333333333333,118.45505493112991
GD04,10,68.56005021412389,212.12333333333333,143.56328311920944
GD04,12,54.82363483009216,212.12333333333333,157.2996985032412
GD04,14,48.772672466259934,212.12333333333333,163.3506608670734
GD04,16,43.095239130654605,212.12333333333333,169.02809420267874
GD04,18,37.74438023414501,212.12333333333333,174.37895309918832
GD07,2,1465.6416451866628,623.3333333333334,842.3083118533294
GD07,4,264.64107623790403,623.3333333333334,358.69225709542934
GD07,6,69.93481951796245,623.3333333333334,553.398513815371
GD07,8,22.89593894094058,623.3333333333334,600.4373943923928
GD07,10,7.249125237142508,623.3333333333334,616.0842080961909
GD07,12,0.0,623.3333333333334,623.3333333333334
GD07,14,0.0,623.3333333333334,623.3333333333334
GD07,16,0.0,623.3333333333334,623.3333333333334
GD07,18,0.0,623.3333333333334,623.3333333333334
GD08,2,1464.5033925007135,623.3333333333334,841.1700591673801
GD08,4,279.50689110882263,623.3333333333334,343.82644222451074
GD08,6,73.68592225901305,623.3333333333334,549.6474110743203
GD08,8,22.89593894094058,623.3333333333334,600.4373943923928
GD08,10,7.249125237142508,623.3333333333334,616.0842080961909
GD08,12,0.0,623.3333333333334,623.3333333333334
GD08,14,0.0,623.3333333333334,623.3333333333334
GD08,16,0.0,623.3333333333334,623.3333333333334
GD08,18,0.0,623.3333333333334,623.3333333333334
GD10,2,1306.8332768059513,770.0066666666667,536.8266101392846
GD10,4,270.14230150573803,770.0066666666667,499.8643651609286
GD10,6,81.84737209370894,770.0066666666667,688.1592945729577
GD10,8,31.445028827668686,770.0066666666667,738.561637838998
GD10,10,13.904587725633196,770.0066666666667,756.1020789410335
GD10,12,3.886904891331824,770.0066666666667,766.1197617753348
GD10,14,2.4719774280490476,770.0066666666667,767.5346892386176
GD10,16,1.1815596408419005,770.0066666666667,768.8251070258248
GD10,18,0.0,770.0066666666667,770.0066666666667
GD24,2,1365.5926190506732,1136.6733333333332,228.91928571734002
GD24,4,312.1104257870529,1136.6733333333332,824.5629075462803
GD24,6,128.51682074401083,1136.6733333333332,1008.1565125893223
GD24,8,78.33860724233843,1136.6733333333332,1058.3347260909948
GD24,10,56.45976100413151,1136.6733333333332,1080.2135723292017
GD24,12,43.5032877781013,1136.6733333333332,1093.1700455552318
GD24,14,39.29501251744202,1136.6733333333332,1097.3783208158911
GD24,16,35.335756608934,1136.6733333333332,1101.3375767243992
GD24,18,31.594216993156472,1136.6733333333332,1105.0791163401766
GD25,2,1179.8067066218402,460.60999999999996,719.1967066218403
GD25,4,237.84196217816032,460.60999999999996,222.76803782183964
GD25,6,84.92662668965608,460.60999999999996,375.6833733103439
GD25,8,43.22079903886674,460.60999999999996,417.3892009611332
GD25,10,27.686100229469634,460.60999999999996,432.92389977053034
GD25,12,18.274544943364052,460.60999999999996,442.3354550566359
GD25,14,16.25755748875331,460.60999999999996,444.35244251124664
GD25,16,14.3650797102182,460.60999999999996,446.24492028978176
GD25,18,12.581460078048337,460.60999999999996,448.0285399219516
GNK01,2,886.6470888096378,3832.021182795699,2945.3740939860613
GNK01,4,531.0376536474826,3832.021182795699,3300.983529148217
GNK01,6,452.1576679705919,3832.021182795699,3379.8635148251074
GNK01,8,413.86757859191744,3832.021182795699,3418.1536042037815
GNK01,10,381.80917545126636,3832.021182795699,3450.212007344433
GNK01,12,356.92328492494914,3832.021182795699,3475.09789787075
GNK01,14,339.2418728510694,3832.021182795699,3492.77930994463
GNK01,16,322.5565381857946,3832.021182795699,3509.4646446099046
GNK01,18,307.82132328738896,3832.021182795699,3524.19985950831
GPS01,2,353.3440132536283,702.0901875,348.74617424637165
GPS01,4,108.95958368017239,702.0901875,593.1306038198276
GPS01,6,57.53163503061984,702.0901875,644.5585524693802
GPS01,8,50.04021961229205,702.0901875,652.0499678877079
GPS01,10,43.42667503568731,702.0901875,658.6635124643126
GPS01,12,39.612359947967775,702.0901875,662.4778275520322
GPS01,14,37.15167499412432,702.0901875,664.9385125058757
GPS01,16,34.8154997163565,702.0901875,667.2746877836435
GPS01,18,32.58818258495393,702.0901875,669.502004915046
GTW01,2,3901.8523563432996,259.08666666666664,3642.765689676633
GTW01,4,783.2143560212245,259.08666666666664,524.1276893545578
GTW01,6,286.7828207117698,259.08666666666664,27.69615404510313
GTW01,8,149.6623971166002,259.08666666666664,109.42426955006644
GTW01,10,96.93470120873114,259.08666666666664,162.1519654579355
GTW01,12,64.32584031219335,259.08666666666664,194.7608263544733
GTW01,14,54.33701069319709,259.08666666666664,204.74965597346954
GTW01,16,45.095239130654605,259.08666666666664,213.99142753601205
GTW01,18,38.66512563819788,259.08666666666664,220.42154102846877
HBD02N,1,88752.14764940688,5134.78,83617.36764940688
HBD02N,2,80924.04476598371,5134.78,75789.26476598371
HBD02N,3,74725.1369091275,5134.78,69590.3569091275
HBD02N,4,69798.37049846543,5134.78,64663.59049846543
HBD02N,5,65516.97076036472,5134.78,60382.19076036472
HBD02N,6,61640.72314604553,5134.78,56505.94314604553
HBD02N,7,58925.82427617606,5134.78,53791.044276176064
HBD02N,8,56388.680129591536,5134.78,51253.90012959154
HBD02N,9,54018.933430681405,5134.78,48884.15343068141
HC07,1,5048.233921224854,427.06666666666666,4621.167254558188
HC07,2,2782.2423598243618,427.06666666666666,2355.175693157695
HC07,3,1616.2355139107883,427.06666666666666,1189.1688472441217
HC07,4,1158.8410046813083,427.06666666666666,731.7743380146417
HC07,5,852.1367318027078,427.06666666666666,425.07006513604114
HC07,6,590.8222316755483,427.06666666666666,163.75556500888166
HC07,7,506.91614044732614,427.06666666666666,79.84947378065948
HC07,8,429.58483293295023,427.06666666666666,2.518166266283572
HC07,9,359.6372256360009,427.06666666666666,67.42944103066577
HC08,1,4190.793635867742,423.18666666666667,3767.606969201075
HC08,2,2291.6801128217694,423.18666666666667,1868.4934461551027
HC08,3,1305.6629844411432,423.18666666666667,882.4763177744765
HC08,4,918.5994418225599,423.18666666666667,495.41277515589326
HC08,5,655.4499745870166,423.18666666666667,232.26330792034997
HC08,6,429.6437492024316,423.18666666666667,6.4570825357649255
HC08,7,354.7608515367898,423.18666666666667,68.42581512987687
HC08,8,286.01695371872984,423.18666666666667,137.16971294793683
HC08,9,226.97388909568573,423.18666666666667,196.21277757098093
HCT02,12,2172.6281871959523,379.5,1793.1281871959523
HCT02,24,1672.9418089805529,379.5,1293.4418089805529
HCT02,36,1541.4841373828835,379.5,1161.9841373828835
HCT02,48,1467.2945393203686,379.5,1087.7945393203686
HCT02,60,1419.5619764919109,379.5,1040.0619764919109
HCT02,72,1374.97752093658,379.5,995.47752093658
HCT02,84,1333.0110320795911,379.5,953.5110320795911
HCT02,96,1293.2857173919638,379.5,913.7857173919638
HCT02,108,1255.519849338911,379.5,876.019849338911
HD122,6,494.62564767505586,488.0,6.625647675055859
HD122,12,37.77380978266365,488.0,450.22619021733635
HD122,18,15.50892798900679,488.0,472.4910720109932
HD122,24,3.674159687806643,488.0,484.32584031219335
HD122,30,0.0,488.0,488.0
HD122,36,0.0,488.0,488.0
HD122,42,0.0,488.0,488.0
HD122,48,0.0,488.0,488.0
HD122,54,0.0,488.0,488.0
HD127,6,343.3412116037915,273.9733333333333,69.36787827045822
HD127,12,37.15997951329507,273.9733333333333,236.81335382003823
HD127,18,11.757825247956188,273.9733333333333,262.2155080853771
HD127,24,3.674159687806643,273.9733333333333,270.29917364552665
HD127,30,0.0,273.9733333333333,273.9733333333333
HD127,36,0.0,273.9733333333333,273.9733333333333
HD127,42,0.0,273.9733333333333,273.9733333333333
HD127,48,0.0,273.9733333333333,273.9733333333333
HD127,54,0.0,273.9733333333333,273.9733333333333
HD130,6,922.1674018117691,247.91333333333333,674.2540684784358
HD130,12,201.21127488212437,247.91333333333333,46.702058451208956
HD130,18,173.4954829751956,247.91333333333333,74.41785035813771
HD130,24,149.32142934799094,247.91333333333333,98.59190398534238
HD130,30,127.78098824595546,247.91333333333333,120.13234508737787
HD130,36,111.48876046829002,247.91333333333333,136.4245728650433
HD130,42,99.69375087530989,247.91333333333333,148.21958245802344
HD130,48,88.6457993387835,247.91333333333333,159.2675339945498
HD130,54,78.25099668044862,247.91333333333333,169.6623366528847
HDU02,12,735.2903721913484,312.0233333333333,423.2670388580151
HDU02,24,200.06393813882983,312.0233333333333,111.95939519450349
HDU02,36,111.48876046829002,312.0233333333333,200.5345728650433
HDU02,48,88.6457993387835,312.0233333333333,223.37753399454982
HDU02,60,68.43645073444615,312.0233333333333,243.58688259888714
HDU02,72,50.32584031219335,312.0233333333333,261.69749302113996
HDU02,84,40.33701069319709,312.0233333333333,271.6863226401362
HDU02,96,31.09523913065459,312.0233333333333,280.9280942026787
HDU02,108,22.50661644630361,312.0233333333333,289.5167168870297
HDWP03,6,317.4904587678839,253.83333333333334,63.65712543455058
HDWP03,12,97.98655498618882,253.83333333333334,155.84677834714452
HDWP03,18,66.99768845729682,253.83333333333334,186.83564487603653
HDWP03,24,44.32289966939175,253.83333333333334,209.5104336639416
HDWP03,30,34.21822536722308,253.83333333333334,219.61510796611026
HDWP03,36,25.162920156096675,253.83333333333334,228.67041317723667
HDWP03,42,20.168505346598543,253.83333333333334,233.6648279867348
HDWP03,48,15.547619565327295,253.83333333333334,238.28571376800605
HDWP03,54,11.253308223151805,253.83333333333334,242.58002511018154
HH01,12,5556.094475817542,533.1733333333333,5022.921142484209
HH01,24,3303.425087908389,533.1733333333333,2770.2517545750557
HH01,36,2470.6554552249772,533.1733333333333,1937.482121891644
HH01,48,2128.1161137064532,533.1733333333333,1594.94278037312
HH01,60,1894.4371577427344,533.1733333333333,1361.263824409401
HH01,72,1719.539285307287,533.1733333333333,1186.3659519739535
HH01,84,1575.9879998105214,533.1733333333333,1042.814666477188
HH01,96,1440.6543529347475,533.1733333333333,907.4810196014142
HH01,108,1312.5053437190797,533.1733333333333,779.3320103857465
HH06J,1,2005.1945752027386,155.84666666666666,1849.347908536072
HH06J,2,1479.9425647079488,155.84666666666666,1324.0958980412822
HH06J,3,1322.8706860551629,155.84666666666666,1167.0240193884963
HH06J,4,1228.296949711034,155.84666666666666,1072.4502830443673
HH06J,5,1189.7068399355244,155.84666666666666,1033.8601732688578
HH06J,6,1159.0762695926305,155.84666666666666,1003.2296029259638
HH06J,7,1139.4929042122737,155.84666666666666,983.646237545607
HH06J,8,1121.0923807546355,155.84666666666666,965.2457140879688
HH06J,9,1109.1222826672029,155.84666666666666,953.2756160005362
HH13,6,271.52661082330815,327.5133333333333,55.986722510025174
HH13,12,113.87345987752066,327.5133333333333,213.63987345581268
HH13,18,84.65840313129229,327.5133333333333,242.85493020204103
HH13,24,59.87051923471905,327.5133333333333,267.6428140986143
HH13,30,41.46735060436559,327.5133333333333,286.0459827289677
HH13,36,25.162920156096675,327.5133333333333,302.35041317723665
HH13,42,20.168505346598543,327.5133333333333,307.3448279867348
HH13,48,15.547619565327295,327.5133333333333,311.965713768006
HH13,54,11.253308223151805,327.5133333333333,316.2600251101815
HH17,6,282.547006322218,215.74666666666667,66.80033965555134
HH17,12,64.099650094857,215.74666666666667,151.64701657180967
HH17,18,31.336973783301346,215.74666666666667,184.40969288336532
HH17,24,7.773809782663648,215.74666666666667,207.97285688400302
HH17,30,3.624562618571254,215.74666666666667,212.12210404809542
HH17,36,0.0,215.74666666666667,215.74666666666667
HH17,42,0.0,215.74666666666667,215.74666666666667
HH17,48,0.0,215.74666666666667,215.74666666666667
HH17,54,0.0,215.74666666666667,215.74666666666667
HH26,6,313.1902661401052,210.63333333333333,102.5569328067719
HH26,12,126.48729014688922,210.63333333333333,84.1460431864441
HH26,18,97.57914853534515,210.63333333333333,113.05418479798817
HH26,24,73.09817977345621,210.63333333333333,137.53515355987713
HH26,30,61.18732549730365,210.63333333333333,149.44600783602968
HH26,36,50.32584031219335,210.63333333333333,160.30749302113998
HH26,42,40.33701069319709,210.63333333333333,170.29632264013622
HH26,48,31.09523913065459,210.63333333333333,179.53809420267874
HH26,54,22.50661644630361,210.63333333333333,188.12671688702972
HH27,6,144.1509454636863,84.94,59.2109454636863
HH27,12,54.5490898867281,84.94,30.3909101132719
HH27,18,43.162920156096675,84.94,41.77707984390332
HH27,24,36.549089886728105,84.94,48.39091011327189
HH27,30,30.593662748651823,84.94,54.346337251348174
HH27,36,25.162920156096675,84.94,59.77707984390332
HH27,42,20.168505346598543,84.94,64.77149465340145
HH27,48,15.547619565327295,84.94,69.3923804346727
HH27,54,11.253308223151805,84.94,73.68669177684819
HH54,6,539.9928922281783,527.2366666666667,12.756225561511656
HH54,12,152.26109992955287,527.2366666666667,374.9755667371138
HH54,18,95.42736185035648,527.2366666666667,431.8093048163102
HH54,24,61.22471989593555,527.2366666666667,466.01194677073113
HH54,30,50.84550065040282,527.2366666666667,476.39116601626387
HH54,36,44.66512563819788,527.2366666666667,482.5715410284688
HH54,42,38.92107840904995,527.2366666666667,488.31558825761675
HH54,48,33.5505602081289,527.2366666666667,493.6861064585378
HH54,54,28.506616446303596,527.2366666666667,498.73005022036307
HJ07,6,642.2825804849474,290.73,351.5525804849474
HJ07,12,143.5989149341566,290.73,147.13108506584342
HJ07,18,117.24658571624622,290.73,173.4834142837538
HJ07,24,101.32436999079255,290.73,189.40563000920747
HJ07,30,93.56276287873239,290.73,197.16723712126765
HJ07,36,86.32584031219335,290.73,204.40415968780667
HJ07,42,79.52524552871134,290.73,211.20475447128868
HJ07,48,73.09817977345621,290.73,217.63182022654382
HJ07,54,66.99768845729682,290.73,223.7323115427032
HJ33,6,342.4234068425403,341.93333333333334,0.49007350920697945
HJ33,12,32.93672993876032,341.93333333333334,308.996603394573
HJ33,18,11.253308223151805,341.93333333333334,330.68002511018153
HJ33,24,0.0,341.93333333333334,341.93333333333334
HJ33,30,0.0,341.93333333333334,341.93333333333334
HJ33,36,0.0,341.93333333333334,341.93333333333334
HJ33,42,0.0,341.93333333333334,341.93333333333334
HJ33,48,0.0,341.93333333333334,341.93333333333334
HJ33,54,0.0,341.93333333333334,341.93333333333334
HM10,12,6264.095592541211,1550.4266666666665,4713.668925874545
HM10,24,771.8883190014956,1550.4266666666665,778.5383476651709
HM10,36,249.20745404052866,1550.4266666666665,1301.219212626138
HM10,48,144.24131767375223,1550.4266666666665,1406.1853489929142
HM10,60,98.37465099460726,1550.4266666666665,1452.0520156720593
HM10,72,64.05378005524469,1550.4266666666665,1486.3728866114218
HM10,84,45.976470722395135,1550.4266666666665,1504.4501959442714
HM10,96,29.393277502453145,1550.4266666666665,1521.0333891642133
HM10,108,14.116382038894187,1550.4266666666665,1536.3102846277723
HM25,12,1148.1850846460704,984.5366666666665,163.64841797940392
HM25,24,218.19047826130918,984.5366666666665,766.3461884053573
HM25,36,103.69642663002264,984.5366666666665,880.8402400366439
HM25,48,60.24719895935547,984.5366666666665,924.289467707311
HM25,60,41.938200260161125,984.5366666666665,942.5984664065054
HM25,72,32.02689002762234,984.5366666666665,952.5097766390442
HM25,84,22.988235361197567,984.5366666666665,961.548431305469
HM25,96,14.696638751226573,984.5366666666665,969.8400279154399
HM25,108,7.058191019447094,984.5366666666665,977.4784756472194
HM28,12,583.704902271003,322.5083333333333,261.19656893766967
HM28,24,136.6457993387835,322.5083333333333,185.86253399454984
HM28,36,63.68298161621146,322.5083333333333,258.82535171712186
HM28,48,22.89593894094058,322.5083333333333,299.61239439239273
HM28,60,7.249125237142508,322.5083333333333,315.25920809619083
HM28,72,0.0,322.5083333333333,322.5083333333333
HM28,84,0.0,322.5083333333333,322.5083333333333
HM28,96,0.0,322.5083333333333,322.5083333333333
HM28,108,0.0,322.5083333333333,322.5083333333333
HQ11,6,1231.798319243499,416.38000000000005,815.4183192434989
HQ11,12,405.57496554933584,416.38000000000005,10.805034450664209
HQ11,18,311.4160162580445,416.38000000000005,104.96398374195553
HQ11,24,239.1978298683132,416.38000000000005,177.18217013168686
HQ11,30,217.7191885061166,416.38000000000005,198.66081149388344
HQ11,36,197.81460078048337,416.38000000000005,218.56539921951668
HQ11,42,179.21899640402123,416.38000000000005,237.16100359597883
HQ11,48,161.7439791122397,416.38000000000005,254.63602088776034
HQ11,54,145.24868513774544,416.38000000000005,271.1313148622546
HQ202,6,554.979219236174,233.21333333333334,321.76588590284064
HQ202,12,267.1494751422855,233.21333333333334,33.93614180895216
HQ202,18,230.74206869144183,233.21333333333334,2.4712646418915085
HQ202,24,202.6487399815851,233.21333333333334,30.564593351748243
HQ202,30,187.12552575746477,233.21333333333334,46.08780757586857
HQ202,36,172.6516806243867,233.21333333333334,60.56165270894664
HQ202,42,159.05049105742268,233.21333333333334,74.16284227591066
HQ202,48,146.19635954691242,233.21333333333334,87.01697378642092
HQ202,54,133.99537691459363,233.21333333333334,99.2179564187397
HQ206,6,556.3275386117873,194.26,362.0675386117873
HQ206,12,373.92475524634995,194.26,179.66475524634996
HQ206,18,336.73534618453624,194.26,142.47534618453625
HQ206,24,303.97310997237764,194.26,109.71310997237765
HQ206,30,280.68828863619717,194.26,86.42828863619718
HQ206,36,258.97752093658005,194.26,64.71752093658006
HQ206,42,238.575736586134,194.26,44.31573658613402
HQ206,48,219.29453932036864,194.26,25.03453932036865
HQ206,54,200.99306537189045,194.26,6.733065371890461
HQ210,6,515.4904587678839,156.18,359.31045876788386
HQ210,12,305.5371151943177,156.18,149.35711519431771
HQ210,18,270.1538861064879,156.18,113.9738861064879
HQ210,24,239.1978298683132,156.18,83.01782986831319
HQ210,30,217.7191885061166,156.18,61.5391885061166
HQ210,36,197.81460078048337,156.18,41.63460078048337
HQ210,42,179.21899640402123,156.18,23.03899640402122
HQ210,48,161.7439791122397,156.18,5.563979112239707
HQ210,54,145.24868513774544,156.18,10.931314862254567
HQ26,6,555.6670519159849,386.2033333333334,169.4637185826515
HQ26,12,236.199300189714,386.2033333333334,150.00403314361938
HQ26,18,179.1650195775959,386.2033333333334,207.03831375573748
HQ26,24,137.87345987752065,386.2033333333334,248.32987345581273
HQ26,30,124.15642562738421,386.2033333333334,262.04690770594914
HQ26,36,111.48876046829002,386.2033333333334,274.71457286504335
HQ26,42,99.69375087530989,386.2033333333334,286.5095824580235
HQ26,48,88.6457993387835,386.2033333333334,297.5575339945499
HQ26,54,78.25099668044862,386.2033333333334,307.95233665288475
HQ31,6,186.25731806544889,202.17999999999998,15.922681934551093
HQ31,12,75.21127488212437,202.17999999999998,126.96872511787561
HQ31,18,50.66512563819788,202.17999999999998,151.5148743618021
HQ31,24,36.549089886728105,202.17999999999998,165.63091011327188
HQ31,30,30.593662748651823,202.17999999999998,171.58633725134814
HQ31,36,25.162920156096675,202.17999999999998,177.0170798439033
HQ31,42,20.168505346598543,202.17999999999998,182.01149465340143
HQ31,48,15.547619565327295,202.17999999999998,186.63238043467268
HQ31,54,11.253308223151805,202.17999999999998,190.92669177684817
HQ35,6,525.6052521761461,382.18666666666667,143.41858550947944
HQ35,12,141.48581982548842,382.18666666666667,240.70084684117825
HQ35,18,99.58587104225074,382.18666666666667,282.6007956244159
HQ35,24,70.77233946126285,382.18666666666667,311.4143272054038
HQ35,30,55.18732549730364,382.18666666666667,326.99934116936305
HQ35,36,41.17636516990785,382.18666666666667,341.0103014967588
HQ35,42,31.662623027197327,382.18666666666667,350.52404363946937
HQ35,48,22.89593894094058,382.18666666666667,359.2907277257261
HQ35,54,14.782403732875352,382.18666666666667,367.4042629337913
HQ74,6,221.69100130080562,216.3183333333333,5.372667967472324
HQ74,12,16.77528010406445,216.3183333333333,199.54305322926885
HQ74,18,7.502205482101203,216.3183333333333,208.8161278512321
HQ74,24,0.0,216.3183333333333,216.3183333333333
HQ74,30,0.0,216.3183333333333,216.3183333333333
HQ74,36,0.0,216.3183333333333,216.3183333333333
HQ74,42,0.0,216.3183333333333,216.3183333333333
HQ74,48,0.0,216.3183333333333,216.3183333333333
HQ74,54,0.0,216.3183333333333,216.3183333333333
HSX03,12,338.8404764430911,354.83,15.989523556908864
HSX03,24,52.0967094520554,354.83,302.7332905479446
HSX03,36,25.162920156096675,354.83,329.6670798439033
HSX03,48,15.547619565327295,354.83,339.2823804346727
HSX03,60,7.249125237142508,354.83,347.5808747628575
HSX03,72,0.0,354.83,354.83
HSX03,84,0.0,354.83,354.83
HSX03,96,0.0,354.83,354.83
HSX03,108,0.0,354.83,354.83
HVP09,12,12886.411020739637,1017.8666666666668,11868.54435407297
HVP09,24,6634.5641335251885,1017.8666666666668,5616.697466858522
HVP09,36,4699.39969211871,1017.8666666666668,3681.533025452043
HVP09,48,3859.622182805748,1017.8666666666668,2841.755516139081
HVP09,60,3339.44316675087,1017.8666666666668,2321.5765000842034
HVP09,72,2984.064341279343,1017.8666666666668,1966.197674612676
HVP09,84,2706.7495957255787,1017.8666666666668,1688.882929058912
HVP09,96,2453.0499585603925,1017.8666666666668,1435.1832918937257
HVP09,108,2220.1951242911023,1017.8666666666668,1202.3284576244355
HVP10,12,12249.419319401753,1328.46,10920.959319401754
HVP10,24,6039.805450745353,1328.46,4711.3454507453525
HVP10,36,4206.208100014916,1328.46,2877.7481000149164
HVP10,48,3452.0598591192365,1328.46,2123.5998591192365
HVP10,60,2968.5464598012813,1328.46,1640.0864598012813
HVP10,72,2627.788292939836,1328.46,1299.328292939836
HVP10,84,2377.847145338211,1328.46,1049.3871453382108
HVP10,96,2156.4597631023985,1328.46,827.9997631023984
HVP10,108,1947.4822095522247,1328.46,619.0222095522247
HWG47,6,1011.2020835457926,454.2033333333334,556.9987502124592
HWG47,12,406.46040011926686,454.2033333333334,47.74293321406651
HWG47,18,312.74416811294105,454.2033333333334,141.45916522039232
HWG47,24,246.97163965097684,454.2033333333334,207.23169368235654
HWG47,30,221.34375112468786,454.2033333333334,232.85958220864552
HWG47,36,197.81460078048337,454.2033333333334,256.38873255285
HWG47,42,179.21899640402123,454.2033333333334,274.9843369293121
HWG47,48,161.7439791122397,454.2033333333334,292.4593542210937
HWG47,54,145.24868513774544,454.2033333333334,308.95464819558794
HWG48,6,386.0290442836025,406.02666666666664,19.99762238306414
HWG48,12,58.98508466478802,406.02666666666664,347.0415820018786
HWG48,18,23.834768301200143,406.02666666666664,382.1918983654665
HWG48,24,7.773809782663648,406.02666666666664,398.252856884003
HWG48,30,3.624562618571254,406.02666666666664,402.4021040480954
HWG48,36,0.0,406.02666666666664,406.02666666666664
HWG48,42,0.0,406.02666666666664,406.02666666666664
HWG48,48,0.0,406.02666666666664,406.02666666666664
HWG48,54,0.0,406.02666666666664,406.02666666666664
HWG50,6,565.3361873964799,308.92,256.41618739647987
HWG50,12,95.19488922551159,308.92,213.72511077448843
HWG50,18,31.336973783301346,308.92,277.58302621669867
HWG50,24,7.773809782663648,308.92,301.14619021733637
HWG50,30,3.624562618571254,308.92,305.29543738142877
HWG50,36,0.0,308.92,308.92
HWG50,42,0.0,308.92,308.92
HWG50,48,0.0,308.92,308.92
HWG50,54,0.0,308.92,308.92
HWG52,6,728.7564256180253,368.40166666666664,360.3547589513587
HWG52,12,115.24324395153928,368.40166666666664,253.15842271512736
HWG52,18,35.08807652435195,368.40166666666664,333.3135901423147
HWG52,24,7.773809782663648,368.40166666666664,360.627856884003
HWG52,30,3.624562618571254,368.40166666666664,364.7771040480954
HWG52,36,0.0,368.40166666666664,368.40166666666664
HWG52,42,0.0,368.40166666666664,368.40166666666664
HWG52,48,0.0,368.40166666666664,368.40166666666664
HWG52,54,0.0,368.40166666666664,368.40166666666664
HWG57,6,798.4917893737306,493.31666666666666,305.17512270706396
HWG57,12,341.83193349220653,493.31666666666666,151.48473317446013
HWG57,18,271.9532548573393,493.31666666666666,221.36341180932737
HWG57,24,222.58963659577768,493.31666666666666,270.727030070889
HWG57,30,198.3662473056889,493.31666666666666,294.9504193609778
HWG57,36,176.24159619768463,493.31666666666666,317.07507046898206
HWG57,42,159.05049105742268,493.31666666666666,334.266175609244
HWG57,48,146.19635954691242,493.31666666666666,347.1203071197542
HWG57,54,133.99537691459363,493.31666666666666,359.321289752073
HWG60,6,305.2899162349622,332.15000000000003,26.860083765037814
HWG60,12,54.48434950408762,332.15000000000003,277.6656504959124
HWG60,18,20.08366556014954,332.15000000000003,312.0663344398505
HWG60,24,7.773809782663648,332.15000000000003,324.3761902173364
HWG60,30,3.624562618571254,332.15000000000003,328.5254373814288
HWG60,36,0.0,332.15000000000003,332.15000000000003
HWG60,42,0.0,332.15000000000003,332.15000000000003
HWG60,48,0.0,332.15000000000003,332.15000000000003
HWG60,54,0.0,332.15000000000003,332.15000000000003
HWN02,12,533.5918071623348,375.93,157.6618071623348
HWN02,24,65.31848870518934,375.93,310.61151129481067
HWN02,36,16.01344501381117,375.93,359.9165549861888
HWN02,48,7.348319375613286,375.93,368.5816806243867
HWN02,60,0.0,375.93,375.93
HWN02,72,0.0,375.93,375.93
HWN02,84,0.0,375.93,375.93
HWN02,96,0.0,375.93,375.93
HWN02,108,0.0,375.93,375.93
HWN03,12,489.81799737967117,325.325,164.49299737967118
HWN03,24,52.0967094520554,325.325,273.2282905479446
HWN03,36,25.162920156096675,325.325,300.1620798439033
HWN03,48,15.547619565327295,325.325,309.7773804346727
HWN03,60,7.249125237142508,325.325,318.0758747628575
HWN03,72,0.0,325.325,325.325
HWN03,84,0.0,325.325,325.325
HWN03,96,0.0,325.325,325.325
HWN03,108,0.0,325.325,325.325
HZ03,6,256.22788851693025,259.28000000000003,3.0521114830697798
HZ03,12,95.93820026016112,259.28000000000003,163.3417997398389
HZ03,18,63.92515636825527,259.28000000000003,195.35484363174476
HZ03,24,37.22471989593554,259.28000000000003,222.05528010406448
HZ03,30,23.752801040644513,259.28000000000003,235.52719895935553
HZ03,36,15.004410964202407,259.28000000000003,244.27558903579762
HZ03,42,7.128676453874306,259.28000000000003,252.15132354612572
HZ03,48,0.0,259.28000000000003,259.28000000000003
HZ03,54,0.0,259.28000000000003,259.28000000000003
HZ13,6,267.5951330700526,334.88166666666666,67.28653359661405
HZ13,12,169.43746509946072,334.88166666666666,165.44420156720594
HZ13,18,143.83476830120014,334.88166666666666,191.04689836546652
HZ13,24,121.77380978266365,334.88166666666666,213.107856884003
HZ13,30,105.43916339905465,334.88166666666666,229.442503267612
HZ13,36,93.82804579429455,334.88166666666666,241.0536208723721
HZ13,42,83.08958375564849,334.88166666666666,251.79208291101816
HZ13,48,73.09817977345621,334.88166666666666,261.78348689321047
HZ13,54,66.99768845729682,334.88166666666666,267.88397820936984
HZ16,6,192.73240554173464,401.64000000000004,208.9075944582654
HZ16,12,89.32436999079255,401.64000000000004,312.3156300092075
HZ16,18,54.17405362720467,401.64000000000004,347.4659463727954
HZ16,24,28.22324957453474,401.64000000000004,373.4167504254653
HZ16,30,15.50096313889351,401.64000000000004,386.13903686110655
HZ16,36,7.502205482101203,401.64000000000004,394.13779451789884
HZ16,42,3.564338226937153,401.64000000000004,398.0756617730629
HZ16,48,0.0,401.64000000000004,401.64000000000004
HZ16,54,0.0,401.64000000000004,401.64000000000004
HZ21,6,202.7580532261493,261.25666666666666,58.498613440517374
HZ21,12,79.43746509946072,261.25666666666666,181.81920156720594
HZ21,18,45.343696290206935,261.25666666666666,215.91297037645973
HZ21,24,20.449439791871093,261.25666666666666,240.80722687479556
HZ21,30,11.876400520322257,261.25666666666666,249.3802661463444
HZ21,36,7.502205482101203,261.25666666666666,253.75446118456546
HZ21,42,3.564338226937153,261.25666666666666,257.6923284397295
HZ21,48,0.0,261.25666666666666,261.25666666666666
HZ21,54,0.0,261.25666666666666,261.25666666666666
HZ70,6,81.5505602081289,197.82000000000002,116.26943979187112
HZ70,12,42.0,197.82000000000002,155.82000000000002
HZ70,18,30.339285326004525,197.82000000000002,167.4807146739955
HZ70,24,20.449439791871093,197.82000000000002,177.37056020812892
HZ70,30,11.876400520322257,197.82000000000002,185.94359947967777
HZ70,36,7.502205482101203,197.82000000000002,190.31779451789882
HZ70,42,3.564338226937153,197.82000000000002,194.25566177306285
HZ70,48,0.0,197.82000000000002,197.82000000000002
HZ70,54,0.0,197.82000000000002,197.82000000000002
HZ75,6,228.5024334602943,446.7833333333333,218.280899873039
HZ75,12,62.662184995396274,446.7833333333333,384.12114833793703
HZ75,18,37.84149080810573,446.7833333333333,408.94184252522757
HZ75,24,20.449439791871093,446.7833333333333,426.3338935414622
HZ75,30,11.876400520322257,446.7833333333333,434.90693281301105
HZ75,36,7.502205482101203,446.7833333333333,439.2811278512321
HZ75,42,3.564338226937153,446.7833333333333,443.21899510639616
HZ75,48,0.0,446.7833333333333,446.7833333333333
HZ75,54,0.0,446.7833333333333,446.7833333333333
KBODAWM,3,2924.422680420631,405.56,2518.862680420631
KBODAWM,6,698.6376947731161,405.56,293.0776947731161
KBODAWM,9,381.4922432438281,405.56,24.06775675617189
KBODAWM,12,169.57839729086163,405.56,235.98160270913837
KBODAWM,15,134.82409934526893,405.56,270.73590065473104
KBODAWM,18,108.46680593175242,405.56,297.0931940682476
KBODAWM,21,89.29166757832085,405.56,316.26833242167913
KBODAWM,24,73.21883861033234,405.56,332.34116138966766
KBODAWM,27,63.145665860941065,405.56,342.41433413905895
KPLF210,3,10.819003816191213,227.26666666666665,216.44766285047544
KPLF210,6,7.444187606366313,227.26666666666665,219.82247906030034
KPLF210,9,4.7511027410506,227.26666666666665,222.51556392561605
KPLF210,12,2.500735160700401,227.26666666666665,224.76593150596625
KPLF210,15,0.5795691459963486,227.26666666666665,226.6870975206703
KPLF210,18,0.0,227.26666666666665,227.26666666666665
KPLF210,21,0.0,227.26666666666665,227.26666666666665
KPLF210,24,0.0,227.26666666666665,227.26666666666665
KPLF210,27,0.0,227.26666666666665,227.26666666666665
KPPF215,3,0.0,261.8333333333333,261.8333333333333
KPPF215,6,0.0,261.8333333333333,261.8333333333333
KPPF215,9,0.0,261.8333333333333,261.8333333333333
KPPF215,12,0.0,261.8333333333333,261.8333333333333
KPPF215,15,0.0,261.8333333333333,261.8333333333333
KPPF215,18,0.0,261.8333333333333,261.8333333333333
KPPF215,21,0.0,261.8333333333333,261.8333333333333
KPPF215,24,0.0,261.8333333333333,261.8333333333333
KPPF215,27,0.0,261.8333333333333,261.8333333333333
KSDG01,2,172.95496059476602,183.42159883720933,10.46663824244331
KSDG01,4,25.52603943778047,183.42159883720933,157.89555939942886
KSDG01,6,4.1938200260161125,183.42159883720933,179.22777881119322
KSDG01,8,2.591269927554549,183.42159883720933,180.83032890965478
KSDG01,10,1.2081875395237507,183.42159883720933,182.21341129768558
KSDG01,12,0.0,183.42159883720933,183.42159883720933
KSDG01,14,0.0,183.42159883720933,183.42159883720933
KSDG01,16,0.0,183.42159883720933,183.42159883720933
KSDG01,18,0.0,183.42159883720933,183.42159883720933
LE12,6,237.28821793536832,83.0,154.28821793536832
LE12,12,151.98655498618882,83.0,68.98655498618882
LE12,18,129.48876046829002,83.0,46.488760468290025
LE12,24,109.64726966018432,83.0,26.64726966018432
LE12,30,91.78098824595548,83.0,8.780988245955484
LE12,36,75.48876046829002,83.0,7.511239531709975
LE12,42,60.50551603979565,83.0,22.49448396020435
LE12,48,46.642858695981886,83.0,36.357141304018114
LE12,54,33.759924669455415,83.0,49.240075330544585
NAR07,6,186.58988088454782,230.24666666666667,43.656785782118845
NAR07,12,58.32584031219335,230.24666666666667,171.92082635447332
NAR07,18,33.336973783301346,230.24666666666667,196.90969288336532
NAR07,24,12.77528010406445,230.24666666666667,217.47138656260222
NAR07,30,4.783700910563951,230.24666666666667,225.46296575610273
NAR07,36,0.0,230.24666666666667,230.24666666666667
NAR07,42,0.0,230.24666666666667,230.24666666666667
NAR07,48,0.0,230.24666666666667,230.24666666666667
NAR07,54,0.0,230.24666666666667,230.24666666666667
NAR08,6,185.92097338224596,139.505,46.415973382245966
NAR08,12,43.437465099460724,139.505,96.06753490053927
NAR08,18,23.834768301200143,139.505,115.67023169879985
NAR08,24,7.773809782663648,139.505,131.73119021733635
NAR08,30,3.624562618571254,139.505,135.88043738142875
NAR08,36,0.0,139.505,139.505
NAR08,42,0.0,139.505,139.505
NAR08,48,0.0,139.505,139.505
NAR08,54,0.0,139.505,139.505
PL01,3,363.4965601031857,603.6466666666666,240.15010656348096
PL01,6,100.06580958213596,603.6466666666666,503.5808570845307
PL01,9,51.46478366622884,603.6466666666666,552.1818830004378
PL01,12,30.612359947967775,603.6466666666666,573.0343067186989
PL01,15,25.42275032520141,603.6466666666666,578.2239163414653
PL01,18,22.33256281909894,603.6466666666666,581.3141038475677
PL01,21,19.460539204524974,603.6466666666666,584.1861274621417
PL01,24,16.77528010406445,603.6466666666666,586.8713865626022
PL01,27,14.253308223151798,603.6466666666666,589.3933584435149
PL02,3,302.26762980400036,567.28,265.0123701959996
PL02,6,77.15325700638948,567.28,490.1267429936105
PL02,9,33.426312139606864,567.28,533.8536878603932
PL02,12,15.061799739838868,567.28,552.2182002601611
PL02,15,10.484550065040281,567.28,556.7954499349597
PL02,18,8.006722506905586,567.28,559.2732774930944
PL02,21,5.747058840299392,567.28,561.5329411597006
PL02,24,3.674159687806643,567.28,563.6058403121933
PL02,27,1.7645477548617734,567.28,565.5154522451382
PL03,3,368.17493019424205,630.9216666666667,262.7467364724247
PL03,6,81.3470770324056,630.9216666666667,549.5745896342612
PL03,9,35.301863510132165,630.9216666666667,595.6198031565345
PL03,12,15.061799739838868,630.9216666666667,615.8598669268279
PL03,15,10.484550065040281,630.9216666666667,620.4371166016265
PL03,18,8.006722506905586,630.9216666666667,622.9149441597611
PL03,21,5.747058840299392,630.9216666666667,625.1746078263674
PL03,24,3.674159687806643,630.9216666666667,627.2475069788601
PL03,27,1.7645477548617734,630.9216666666667,629.157118911805
PL04,3,299.87998975196814,594.555,294.6750102480318
PL04,6,89.73471708443782,594.555,504.82028291556213
PL04,9,47.71368092517824,594.555,546.8413190748217
PL04,12,30.612359947967775,594.555,563.9426400520322
PL04,15,25.42275032520141,594.555,569.1322496747986
PL04,18,22.33256281909894,594.555,572.222437180901
PL04,21,19.460539204524974,594.555,575.094460795475
PL04,24,16.77528010406445,594.555,577.7797198959355
PL04,27,14.253308223151798,594.555,580.3016917768482
RA01,3,3227.883606354061,423.3,2804.583606354061
RA01,6,623.927561722931,423.3,200.62756172293103
RA01,9,319.2663289945551,423.3,104.03367100544489
RA01,12,204.1480048208847,423.3,219.15199517911532
RA01,15,179.81420758707264,423.3,243.48579241292737
RA01,18,157.57914853534515,423.3,265.72085146465486
RA01,21,140.27763545135994,423.3,283.0223645486401
RA01,24,124.09670945205539,423.3,299.2032905479446
RA01,27,110.5143886639588,423.3,312.7856113360412
RBKT01Y10,3,0.0,40.0,40.0
RBKT01Y10,6,0.0,40.0,40.0
RBKT01Y10,9,0.0,40.0,40.0
RBKT01Y10,12,0.0,40.0,40.0
RBKT01Y10,15,0.0,40.0,40.0
RBKT01Y10,18,0.0,40.0,40.0
RBKT01Y10,21,0.0,40.0,40.0
RBKT01Y10,24,0.0,40.0,40.0
RBKT01Y10,27,0.0,40.0,40.0
RBL01Y10,6,4.1938200260161125,66.66666666666667,62.47284664065056
RBL01Y10,12,0.0,66.66666666666667,66.66666666666667
RBL01Y10,18,0.0,66.66666666666667,66.66666666666667
RBL01Y10,24,0.0,66.66666666666667,66.66666666666667
RBL01Y10,30,0.0,66.66666666666667,66.66666666666667
RBL01Y10,36,0.0,66.66666666666667,66.66666666666667
RBL01Y10,42,0.0,66.66666666666667,66.66666666666667
RBL01Y10,48,0.0,66.66666666666667,66.66666666666667
RBL01Y10,54,0.0,66.66666666666667,66.66666666666667
RBL02Y10,6,4.1938200260161125,66.66666666666667,62.47284664065056
RBL02Y10,12,0.0,66.66666666666667,66.66666666666667
RBL02Y10,18,0.0,66.66666666666667,66.66666666666667
RBL02Y10,24,0.0,66.66666666666667,66.66666666666667
RBL02Y10,30,0.0,66.66666666666667,66.66666666666667
RBL02Y10,36,0.0,66.66666666666667,66.66666666666667
RBL02Y10,42,0.0,66.66666666666667,66.66666666666667
RBL02Y10,48,0.0,66.66666666666667,66.66666666666667
RBL02Y10,54,0.0,66.66666666666667,66.66666666666667
RBL13Y10,6,0.0,66.66666666666667,66.66666666666667
RBL13Y10,12,0.0,66.66666666666667,66.66666666666667
RBL13Y10,18,0.0,66.66666666666667,66.66666666666667
RBL13Y10,24,0.0,66.66666666666667,66.66666666666667
RBL13Y10,30,0.0,66.66666666666667,66.66666666666667
RBL13Y10,36,0.0,66.66666666666667,66.66666666666667
RBL13Y10,42,0.0,66.66666666666667,66.66666666666667
RBL13Y10,48,0.0,66.66666666666667,66.66666666666667
RBL13Y10,54,0.0,66.66666666666667,66.66666666666667
RBWP01Y10,6,4.1938200260161125,40.0,35.80617997398389
RBWP01Y10,12,0.0,40.0,40.0
RBWP01Y10,18,0.0,40.0,40.0
RBWP01Y10,24,0.0,40.0,40.0
RBWP01Y10,30,0.0,40.0,40.0
RBWP01Y10,36,0.0,40.0,40.0
RBWP01Y10,42,0.0,40.0,40.0
RBWP01Y10,48,0.0,40.0,40.0
RBWP01Y10,54,0.0,40.0,40.0
RBWP02Y10,6,4.1938200260161125,40.0,35.80617997398389
RBWP02Y10,12,0.0,40.0,40.0
RBWP02Y10,18,0.0,40.0,40.0
RBWP02Y10,24,0.0,40.0,40.0
RBWP02Y10,30,0.0,40.0,40.0
RBWP02Y10,36,0.0,40.0,40.0
RBWP02Y10,42,0.0,40.0,40.0
RBWP02Y10,48,0.0,40.0,40.0
RBWP02Y10,54,0.0,40.0,40.0
RDF01,3,20.497373907247606,5.016666666666667,15.48070724058094
RDF01,6,1.2503675803502006,5.016666666666667,3.766299086316466
RDF01,9,0.0,5.016666666666667,5.016666666666667
RDF01,12,0.0,5.016666666666667,5.016666666666667
RDF01,15,0.0,5.016666666666667,5.016666666666667
RDF01,18,0.0,5.016666666666667,5.016666666666667
RDF01,21,0.0,5.016666666666667,5.016666666666667
RDF01,24,0.0,5.016666666666667,5.016666666666667
RDF01,27,0.0,5.016666666666667,5.016666666666667
RDF02,3,12.581460078048337,5.016666666666667,7.564793411381671
RDF02,6,0.0,5.016666666666667,5.016666666666667
RDF02,9,0.0,5.016666666666667,5.016666666666667
RDF02,12,0.0,5.016666666666667,5.016666666666667
RDF02,15,0.0,5.016666666666667,5.016666666666667
RDF02,18,0.0,5.016666666666667,5.016666666666667
RDF02,21,0.0,5.016666666666667,5.016666666666667
RDF02,24,0.0,5.016666666666667,5.016666666666667
RDF02,27,0.0,5.016666666666667,5.016666666666667
RDF03,3,12.581460078048337,15.049999999999999,2.4685399219516615
RDF03,6,0.0,15.049999999999999,15.049999999999999
RDF03,9,0.0,15.049999999999999,15.049999999999999
RDF03,12,0.0,15.049999999999999,15.049999999999999
RDF03,15,0.0,15.049999999999999,15.049999999999999
RDF03,18,0.0,15.049999999999999,15.049999999999999
RDF03,21,0.0,15.049999999999999,15.049999999999999
RDF03,24,0.0,15.049999999999999,15.049999999999999
RDF03,27,0.0,15.049999999999999,15.049999999999999
RDF04,3,12.581460078048337,5.016666666666667,7.564793411381671
RDF04,6,0.0,5.016666666666667,5.016666666666667
RDF04,9,0.0,5.016666666666667,5.016666666666667
RDF04,12,0.0,5.016666666666667,5.016666666666667
RDF04,15,0.0,5.016666666666667,5.016666666666667
RDF04,18,0.0,5.016666666666667,5.016666666666667
RDF04,21,0.0,5.016666666666667,5.016666666666667
RDF04,24,0.0,5.016666666666667,5.016666666666667
RDF04,27,0.0,5.016666666666667,5.016666666666667
RDF05,3,12.581460078048337,9.566666666666665,3.014793411381673
RDF05,6,0.0,9.566666666666665,9.566666666666665
RDF05,9,0.0,9.566666666666665,9.566666666666665
RDF05,12,0.0,9.566666666666665,9.566666666666665
RDF05,15,0.0,9.566666666666665,9.566666666666665
RDF05,18,0.0,9.566666666666665,9.566666666666665
RDF05,21,0.0,9.566666666666665,9.566666666666665
RDF05,24,0.0,9.566666666666665,9.566666666666665
RDF05,27,0.0,9.566666666666665,9.566666666666665
RDF06,3,12.581460078048337,5.016666666666667,7.564793411381671
RDF06,6,0.0,5.016666666666667,5.016666666666667
RDF06,9,0.0,5.016666666666667,5.016666666666667
RDF06,12,0.0,5.016666666666667,5.016666666666667
RDF06,15,0.0,5.016666666666667,5.016666666666667
RDF06,18,0.0,5.016666666666667,5.016666666666667
RDF06,21,0.0,5.016666666666667,5.016666666666667
RDF06,24,0.0,5.016666666666667,5.016666666666667
RDF06,27,0.0,5.016666666666667,5.016666666666667
RDF07,3,10.484550065040281,16.683333333333334,6.198783268293052
RDF07,6,0.0,16.683333333333334,16.683333333333334
RDF07,9,0.0,16.683333333333334,16.683333333333334
RDF07,12,0.0,16.683333333333334,16.683333333333334
RDF07,15,0.0,16.683333333333334,16.683333333333334
RDF07,18,0.0,16.683333333333334,16.683333333333334
RDF07,21,0.0,16.683333333333334,16.683333333333334
RDF07,24,0.0,16.683333333333334,16.683333333333334
RDF07,27,0.0,16.683333333333334,16.683333333333334
RMM01Y10,3,0.0,40.0,40.0
RMM01Y10,6,0.0,40.0,40.0
RMM01Y10,9,0.0,40.0,40.0
RMM01Y10,12,0.0,40.0,40.0
RMM01Y10,15,0.0,40.0,40.0
RMM01Y10,18,0.0,40.0,40.0
RMM01Y10,21,0.0,40.0,40.0
RMM01Y10,24,0.0,40.0,40.0
RMM01Y10,27,0.0,40.0,40.0
RMPS12D,8,67.1011204162578,155.45666666666668,88.35554625040888
RMPS12D,16,0.0,155.45666666666668,155.45666666666668
RMPS12D,24,0.0,155.45666666666668,155.45666666666668
RMPS12D,32,0.0,155.45666666666668,155.45666666666668
RMPS12D,40,0.0,155.45666666666668,155.45666666666668
RMPS12D,48,0.0,155.45666666666668,155.45666666666668
RMPS12D,56,0.0,155.45666666666668,155.45666666666668
RMPS12D,64,0.0,155.45666666666668,155.45666666666668
RMPS12D,72,0.0,155.45666666666668,155.45666666666668
RMUB02,3,870.4234421882752,712.2916666666666,158.13177552160857
RMUB02,6,253.96491714407125,712.2916666666666,458.3267495225954
RMUB02,9,176.57683699264197,712.2916666666666,535.7148296740247
RMUB02,12,129.42107944284794,712.2916666666666,582.8705872238187
RMUB02,15,105.85920105964757,712.2916666666666,606.432465607019
RMUB02,18,84.65840313129229,712.2916666666666,627.6332635353743
RMUB02,21,71.79754989772206,712.2916666666666,640.4941167689445
RMUB02,24,59.87051923471905,712.2916666666666,652.4211474319476
RMUB02,27,50.378806563376116,712.2916666666666,661.9128601032905
RMUB04,3,283.76415456145105,209.77666666666667,73.98748789478438
RMUB04,6,121.57326724974195,209.77666666666667,88.20339941692473
RMUB04,9,97.62329285812311,209.77666666666667,112.15337380854356
RMUB04,12,86.66218499539627,209.77666666666667,123.1144816712704
RMUB04,15,76.68868182960789,209.77666666666667,133.0879848370588
RMUB04,18,67.5022054821012,209.77666666666667,142.27446118456547
RMUB04,21,58.970220809180034,209.77666666666667,150.80644585748664
RMUB04,24,50.99852967859919,209.77666666666667,158.77813698806747
RMUB04,27,43.51670020666198,209.77666666666667,166.2599664600047
RMUB06,6,254.7513307192437,429.69,174.9386692807563
RMUB06,12,116.26109992955287,429.69,313.4289000704471
RMUB06,18,79.57914853534515,429.69,350.11085146465484
RMUB06,24,52.0967094520554,429.69,377.5932905479446
RMUB06,30,37.84278798579433,429.69,391.84721201420564
RMUB06,36,25.162920156096675,429.69,404.5270798439033
RMUB06,42,20.168505346598543,429.69,409.5214946534015
RMUB06,48,15.547619565327295,429.69,414.1423804346727
RMUB06,54,11.253308223151805,429.69,418.4366917768482
RMUB08,3,837.7896449591426,255.38666666666666,582.402978292476
RMUB08,6,159.4950818532903,255.38666666666666,95.89158481337637
RMUB08,9,85.95690538797166,255.38666666666666,169.429761278695
RMUB08,12,49.0967094520554,255.38666666666666,206.28995721461126
RMUB08,15,34.84278798579433,255.38666666666666,220.54387868087233
RMUB08,18,22.162920156096675,255.38666666666666,233.22374651056998
RMUB08,21,15.574387928841418,255.38666666666666,239.81227873782524
RMUB08,24,9.5461492439265,255.38666666666666,245.84051742274016
RMUB08,27,5.626654111575903,255.38666666666666,249.76001255509075
RMUB11,6,142.61931043306646,177.46,34.84068956693355
RMUB11,12,38.322899669391745,177.46,139.13710033060826
RMUB11,18,16.33256281909894,177.46,161.12743718090107
RMUB11,24,7.773809782663648,177.46,169.68619021733636
RMUB11,30,3.624562618571254,177.46,173.83543738142876
RMUB11,36,0.0,177.46,177.46
RMUB11,42,0.0,177.46,177.46
RMUB11,48,0.0,177.46,177.46
RMUB11,54,0.0,177.46,177.46
RMUB13,6,162.42549040705035,301.0933333333333,138.66784292628296
RMUB13,12,67.09817977345621,301.0933333333333,233.9951535598771
RMUB13,18,41.495482975195614,301.0933333333333,259.5978503581377
RMUB13,24,23.321429347990943,301.0933333333333,277.77190398534236
RMUB13,30,10.873687855713769,301.0933333333333,290.21964547761957
RMUB13,36,0.0,301.0933333333333,301.0933333333333
RMUB13,42,0.0,301.0933333333333,301.0933333333333
RMUB13,48,0.0,301.0933333333333,301.0933333333333
RMUB13,54,0.0,301.0933333333333,301.0933333333333
RP03Y10,6,0.0,40.0,40.0
RP03Y10,12,0.0,40.0,40.0
RP03Y10,18,0.0,40.0,40.0
RP03Y10,24,0.0,40.0,40.0
RP03Y10,30,0.0,40.0,40.0
RP03Y10,36,0.0,40.0,40.0
RP03Y10,42,0.0,40.0,40.0
RP03Y10,48,0.0,40.0,40.0
RP03Y10,54,0.0,40.0,40.0
RPM01D,18,507.33996926058387,881.6033333333334,374.2633640727495
RPM01D,36,83.46649352607403,881.6033333333334,798.1368398072593
RPM01D,54,11.253308223151805,881.6033333333334,870.3500251101816
RPM01D,72,0.0,881.6033333333334,881.6033333333334
RPM01D,90,0.0,881.6033333333334,881.6033333333334
RPM01D,108,0.0,881.6033333333334,881.6033333333334
RPM01D,126,0.0,881.6033333333334,881.6033333333334
RPM01D,144,0.0,881.6033333333334,881.6033333333334
RPM01D,162,0.0,881.6033333333334,881.6033333333334
RTM01,2,646.0859665159286,112.21999999999998,533.8659665159286
RTM01,4,178.65324763784997,112.21999999999998,66.43324763784999
RTM01,6,78.0512953688293,112.21999999999998,34.168704631170684
RTM01,8,59.72966931330279,112.21999999999998,52.49033068669719
RTM01,10,46.914887682273005,112.21999999999998,65.30511231772698
RTM01,12,36.549089886728105,112.21999999999998,75.67091011327187
RTM01,14,32.51511497750662,112.21999999999998,79.70488502249336
RTM01,16,28.7301594204364,112.21999999999998,83.48984057956358
RTM01,18,25.162920156096675,112.21999999999998,87.05707984390331
SBE01,6,1099.8823366404063,502.3333333333333,597.549003307073
SBE01,12,607.4501078694612,502.3333333333333,105.11677453612793
SBE01,18,469.09479903125754,502.3333333333333,33.23853430207578
SBE01,24,413.4450288276687,502.3333333333333,88.88830450566462
SBE01,30,376.75008837603605,502.3333333333333,125.58324495729727
SBE01,36,346.3527303398157,502.3333333333333,155.9806029935176
SBE01,42,321.32524605439465,502.3333333333333,181.00808727893866
SBE01,48,297.7918778818812,502.3333333333333,204.54145545145212
SBE01,54,275.5648074657507,502.3333333333333,226.76852586758264
SOJ01,6,285.77172621815356,253.55166666666665,32.22005955148691
SOJ01,12,86.48729014688922,253.55166666666665,167.06437651977743
SOJ01,18,51.91843386134968,253.55166666666665,201.63323280531696
SOJ01,24,29.5505602081289,253.55166666666665,224.00110645853775
SOJ01,30,16.660101430886208,253.55166666666665,236.89156523578043
SOJ01,36,7.502205482101203,253.55166666666665,246.04946118456544
SOJ01,42,3.564338226937153,253.55166666666665,249.98732843972948
SOJ01,48,0.0,253.55166666666665,253.55166666666665
SOJ01,54,0.0,253.55166666666665,253.55166666666665
SOJ02,6,358.7408263482341,461.82,103.07917365176587
SOJ02,12,136.099650094857,461.82,325.720349905143
SOJ02,18,111.82804579429455,461.82,349.99195420570544
SOJ02,24,94.09965009485701,461.82,367.720349905143
SOJ02,30,81.43916339905465,461.82,380.3808366009454
SOJ02,36,69.82804579429455,461.82,391.99195420570544
SOJ02,42,59.08958375564849,461.82,402.7304162443515
SOJ02,48,49.098179773456195,461.82,412.7218202265438
SOJ02,54,39.7599246694554,461.82,422.0600753305446
SOJ03,6,238.5691176918908,195.87333333333333,42.69578435855746
SOJ03,12,68.40791340655701,195.87333333333333,127.46541992677632
SOJ03,18,43.46008342484684,195.87333333333333,152.41324990848648
SOJ03,24,28.942366935593384,195.87333333333333,166.93096639773995
SOJ03,30,19.49255944997512,195.87333333333333,176.38077388335822
SOJ03,36,11.092121055399133,195.87333333333333,184.7812122779342
SOJ03,42,3.564338226937153,195.87333333333333,192.3089951063962
SOJ03,48,0.0,195.87333333333333,195.87333333333333
SOJ03,54,0.0,195.87333333333333,195.87333333333333
SUN07,3,101.96048669112298,246.98473684210524,145.02425015098225
SUN07,6,33.10637260176259,246.98473684210524,213.87836424034265
SUN07,9,18.668486891650673,246.98473684210524,228.31624995045456
SUN07,12,8.387640052032225,246.98473684210524,238.597096790073
SUN07,15,5.938200260161128,246.98473684210524,241.0465365819441
SUN07,18,3.7511027410506017,246.98473684210524,243.23363410105463
SUN07,21,1.7821691134685764,246.98473684210524,245.20256772863667
SUN07,24,0.0,246.98473684210524,246.98473684210524
SUN07,27,0.0,246.98473684210524,246.98473684210524
SUN08V1,3,85.61320909776472,131.05521739130435,45.44200829353963
SUN08V1,6,18.411817415046073,131.05521739130435,112.64339997625828
SUN08V1,9,5.626654111575903,131.05521739130435,125.42856327972845
SUN08V1,12,0.0,131.05521739130435,131.05521739130435
SUN08V1,15,0.0,131.05521739130435,131.05521739130435
SUN08V1,18,0.0,131.05521739130435,131.05521739130435
SUN08V1,21,0.0,131.05521739130435,131.05521739130435
SUN08V1,24,0.0,131.05521739130435,131.05521739130435
SUN08V1,27,0.0,131.05521739130435,131.05521739130435
SUN11,3,180.7015056718152,492.2148401826484,311.5133345108332
SUN11,6,65.90583006884088,492.2148401826484,426.3090101138075
SUN11,9,35.461422412776045,492.2148401826484,456.7534177698724
SUN11,12,16.77528010406445,492.2148401826484,475.43956007858395
SUN11,15,11.876400520322257,492.2148401826484,480.33843966232615
SUN11,18,7.502205482101203,492.2148401826484,484.7126347005472
SUN11,21,3.564338226937153,492.2148401826484,488.65050195571126
SUN11,24,0.0,492.2148401826484,492.2148401826484
SUN11,27,0.0,492.2148401826484,492.2148401826484
SUN30V1,3,36.022286430961856,217.15362499999995,181.1313385690381
SUN30V1,6,1.943452445665912,217.15362499999995,215.21017255433404
SUN30V1,9,0.0,217.15362499999995,217.15362499999995
SUN30V1,12,0.0,217.15362499999995,217.15362499999995
SUN30V1,15,0.0,217.15362499999995,217.15362499999995
SUN30V1,18,0.0,217.15362499999995,217.15362499999995
SUN30V1,21,0.0,217.15362499999995,217.15362499999995
SUN30V1,24,0.0,217.15362499999995,217.15362499999995
SUN30V1,27,0.0,217.15362499999995,217.15362499999995
SUN32,3,290.36702465869416,81.34038461538461,209.02664004330956
SUN32,6,178.76178056631306,81.34038461538461,97.42139595092846
SUN32,9,147.9908841644809,81.34038461538461,66.65049954909628
SUN32,12,123.69443304233144,81.34038461538461,42.35404842694683
SUN32,15,107.88629227851854,81.34038461538461,26.54590766313393
SUN32,18,93.38986287850847,81.34038461538461,12.04947826312386
SUN32,21,79.98425293614093,81.34038461538461,1.3561316792436742
SUN32,24,67.51246556434063,81.34038461538461,13.827919051043978
SUN32,27,57.475996184200376,81.34038461538461,23.86438843118423
SUN34,3,167.57528888496955,133.2033033033033,34.37198558166625
SUN34,6,79.78541678132684,133.2033033033033,53.417886521976456
SUN34,9,63.18705316099706,133.2033033033033,70.01625014230623
SUN34,12,50.74572841116074,133.2033033033033,82.45757489214256
SUN34,15,44.58946090419262,133.2033033033033,88.61384239911068
SUN34,18,38.95787794274564,133.2033033033033,94.24542536055766
SUN34,21,33.76262276435567,133.2033033033033,99.44068053894763
SUN34,24,28.94089661419258,133.2033033033033,104.26240668911072
SUN34,27,26.064626797045953,133.2033033033033,107.13867650625735
SUN44,3,147.71112150555572,123.58045977011494,24.130661735440782
SUN44,6,83.3829223346925,123.58045977011494,40.19753743542245
SUN44,9,63.668132822546674,123.58045977011494,59.91232694756827
SUN44,12,48.55309946585983,123.58045977011494,75.02736030425511
SUN44,15,40.052324917687315,123.58045977011494,83.52813485242763
SUN44,18,32.338577187796524,123.58045977011494,91.24188258231842
SUN44,21,25.279321132491244,123.58045977011494,98.3011386376237
SUN44,24,18.780358619526297,123.58045977011494,104.80010115058865
SUN44,27,14.390139659125673,123.58045977011494,109.19032011098926
SUN45V1,3,38.11919644396991,106.37990543735225,68.26070899338234
SUN45V1,6,1.943452445665912,106.37990543735225,104.43645299168634
SUN45V1,9,0.0,106.37990543735225,106.37990543735225
SUN45V1,12,0.0,106.37990543735225,106.37990543735225
SUN45V1,15,0.0,106.37990543735225,106.37990543735225
SUN45V1,18,0.0,106.37990543735225,106.37990543735225
SUN45V1,21,0.0,106.37990543735225,106.37990543735225
SUN45V1,24,0.0,106.37990543735225,106.37990543735225
SUN45V1,27,0.0,106.37990543735225,106.37990543735225
SUN49,3,185.42183131762744,100.10260869565218,85.31922262197526
SUN49,6,98.67232167265867,100.10260869565218,1.430287022993511
SUN49,9,81.0174104979948,100.10260869565218,19.085198197657377
SUN49,12,69.02027335452479,100.10260869565218,31.08233534112739
SUN49,15,59.88629227851854,100.10260869565218,40.21631641713364
SUN49,18,51.53933802079398,100.10260869565218,48.5632706748582
SUN49,21,43.84687543765494,100.10260869565218,56.25573325799724
SUN49,24,36.71470639685623,100.10260869565218,63.38790229879595
SUN49,27,31.691280908621856,100.10260869565218,68.41132778703033
SUN55V1,3,42.687832679810924,217.67362500000002,174.9857923201891
SUN55V1,6,3.886904891331824,217.67362500000002,213.7867201086682
SUN55V1,9,0.0,217.67362500000002,217.67362500000002
SUN55V1,12,0.0,217.67362500000002,217.67362500000002
SUN55V1,15,0.0,217.67362500000002,217.67362500000002
SUN55V1,18,0.0,217.67362500000002,217.67362500000002
SUN55V1,21,0.0,217.67362500000002,217.67362500000002
SUN55V1,24,0.0,217.67362500000002,217.67362500000002
SUN55V1,27,0.0,217.67362500000002,217.67362500000002
SUN56,3,182.12744218918033,90.56695454545456,91.56048764372576
SUN56,6,109.38373604354317,90.56695454545456,18.816781498088602
SUN56,9,86.8963231219729,90.56695454545456,3.670631423481666
SUN56,12,70.85735319842811,90.56695454545456,19.70960134702645
SUN56,15,59.88629227851854,90.56695454545456,30.680662266936025
SUN56,18,51.53933802079398,90.56695454545456,39.02761652466059
SUN56,21,43.84687543765494,90.56695454545456,46.72007910779963
SUN56,24,36.71470639685623,90.56695454545456,53.852248148598335
SUN56,27,31.691280908621856,90.56695454545456,58.87567363683271
SUN57,3,141.4346555739496,114.65490196078433,26.779753613165283
SUN57,6,80.74254304722679,114.65490196078433,33.91235891355754
SUN57,9,58.292385222849234,114.65490196078433,56.362516737935096
SUN57,12,41.93452588632468,114.65490196078433,72.72037607445965
SUN57,15,28.140058528630924,114.65490196078433,86.51484343215341
SUN57,18,18.04755787159277,114.65490196078433,96.60734408919156
SUN57,21,10.012347845829733,114.65490196078433,104.64255411495459
SUN57,24,4.332389149055999,114.65490196078433,110.32251281172833
SUN57,27,2.3800558987672957,114.65490196078433,112.27484606201703
TCS04D1,6,1557.7752093658005,433.3333333333333,1124.4418760324672
TCS04D1,12,67.1011204162578,433.3333333333333,366.2322129170755
TCS04D1,18,30.008821928404814,433.3333333333333,403.3245114049285
TCS04D1,24,0.0,433.3333333333333,433.3333333333333
TCS04D1,30,0.0,433.3333333333333,433.3333333333333
TCS04D1,36,0.0,433.3333333333333,433.3333333333333
TCS04D1,42,0.0,433.3333333333333,433.3333333333333
TCS04D1,48,0.0,433.3333333333333,433.3333333333333
TCS04D1,54,0.0,433.3333333333333,433.3333333333333
TCS11,6,14437.831983156026,824.8166666666666,13613.01531648936
TCS11,12,3155.6537524851624,824.8166666666666,2330.837085818496
TCS11,18,1991.6420151089437,824.8166666666666,1166.8253484422771
TCS11,24,1181.246266388574,824.8166666666666,356.4295997219074
TCS11,30,887.403156790461,824.8166666666666,62.58649012379442
TCS11,36,647.6121304651358,824.8166666666666,177.2045362015308
TCS11,42,507.900440477231,824.8166666666666,316.91622618943563
TCS11,48,379.3946213361329,824.8166666666666,445.4220453305337
TCS11,54,289.8259094584801,824.8166666666666,534.9907572081866
TCSL01D,6,19733.714670187775,1605.6416666666667,18128.07300352111
TCSL01D,12,13731.979625221697,1605.6416666666667,12126.33795855503
TCSL01D,18,11358.406854934512,1605.6416666666667,9752.765188267846
TCSL01D,24,9600.030801398536,1605.6416666666667,7994.3891347318695
TCSL01D,30,8581.0744731624,1605.6416666666667,6975.4328064957335
TCSL01D,36,7683.331217894915,1605.6416666666667,6077.689551228249
TCSL01D,42,7097.874702490462,1605.6416666666667,5492.233035823796
TCSL01D,48,6556.577392027068,1605.6416666666667,4950.935725360401
TCSL01D,54,6115.603990578821,1605.6416666666667,4509.962323912155
UV01,1,3732.308651195962,321.45098039215685,3410.857670803805
UV01,2,2002.9638840939247,321.45098039215685,1681.5129037017678
UV01,3,1363.5172283091947,321.45098039215685,1042.0662479170378
UV01,4,1074.1021536222452,321.45098039215685,752.6511732300883
UV01,5,896.5405060765074,321.45098039215685,575.0895256843505
UV01,6,742.0668023592448,321.45098039215685,420.6158219670879
UV01,7,671.2661774181813,321.45098039215685,349.81519702602446
UV01,8,605.9197491062837,321.45098039215685,284.46876871412684
UV01,9,547.5169249924988,321.45098039215685,226.065944600342
WE02,6,0.0,338.321683006536,338.321683006536
WE02,12,0.0,338.321683006536,338.321683006536
WE02,18,0.0,338.321683006536,338.321683006536
WE02,24,0.0,338.321683006536,338.321683006536
WE02,30,0.0,338.321683006536,338.321683006536
WE02,36,0.0,338.321683006536,338.321683006536
WE02,42,0.0,338.321683006536,338.321683006536
WE02,48,0.0,338.321683006536,338.321683006536
WE02,54,0.0,338.321683006536,338.321683006536
WE03,6,142.58988088454782,318.91020202020206,176.32032113565424
WE03,12,0.0,318.91020202020206,318.91020202020206
WE03,18,0.0,318.91020202020206,318.91020202020206
WE03,24,0.0,318.91020202020206,318.91020202020206
WE03,30,0.0,318.91020202020206,318.91020202020206
WE03,36,0.0,318.91020202020206,318.91020202020206
WE03,42,0.0,318.91020202020206,318.91020202020206
WE03,48,0.0,318.91020202020206,318.91020202020206
WE03,54,0.0,318.91020202020206,318.91020202020206
WE04,6,0.0,272.26478758169935,272.26478758169935
WE04,12,0.0,272.26478758169935,272.26478758169935
WE04,18,0.0,272.26478758169935,272.26478758169935
WE04,24,0.0,272.26478758169935,272.26478758169935
WE04,30,0.0,272.26478758169935,272.26478758169935
WE04,36,0.0,272.26478758169935,272.26478758169935
WE04,42,0.0,272.26478758169935,272.26478758169935
WE04,48,0.0,272.26478758169935,272.26478758169935
WE04,54,0.0,272.26478758169935,272.26478758169935
WE05,6,0.0,234.30185567010312,234.30185567010312
WE05,12,0.0,234.30185567010312,234.30185567010312
WE05,18,0.0,234.30185567010312,234.30185567010312
WE05,24,0.0,234.30185567010312,234.30185567010312
WE05,30,0.0,234.30185567010312,234.30185567010312
WE05,36,0.0,234.30185567010312,234.30185567010312
WE05,42,0.0,234.30185567010312,234.30185567010312
WE05,48,0.0,234.30185567010312,234.30185567010312
WE05,54,0.0,234.30185567010312,234.30185567010312
WE06,6,0.0,295.490625,295.490625
WE06,12,0.0,295.490625,295.490625
WE06,18,0.0,295.490625,295.490625
WE06,24,0.0,295.490625,295.490625
WE06,30,0.0,295.490625,295.490625
WE06,36,0.0,295.490625,295.490625
WE06,42,0.0,295.490625,295.490625
WE06,48,0.0,295.490625,295.490625
WE06,54,0.0,295.490625,295.490625
WE07,6,0.0,226.9962673611111,226.9962673611111
WE07,12,0.0,226.9962673611111,226.9962673611111
WE07,18,0.0,226.9962673611111,226.9962673611111
WE07,24,0.0,226.9962673611111,226.9962673611111
WE07,30,0.0,226.9962673611111,226.9962673611111
WE07,36,0.0,226.9962673611111,226.9962673611111
WE07,42,0.0,226.9962673611111,226.9962673611111
WE07,48,0.0,226.9962673611111,226.9962673611111
WE07,54,0.0,226.9962673611111,226.9962673611111
WE08,6,188.81112649774647,272.26478758169935,83.45366108395288
WE08,12,177.23461294346072,272.26478758169935,95.03017463823863
WE08,18,167.0215620781933,272.26478758169935,105.24322550350604
WE08,24,157.69394578285699,272.26478758169935,114.57084179884237
WE08,30,149.0247326188129,272.26478758169935,123.24005496288646
WE08,36,140.88020400028998,272.26478758169935,131.38458358140937
WE08,42,133.17200316482408,272.26478758169935,139.09278441687528
WE08,48,125.83733135758504,272.26478758169935,146.4274562241143
WE08,54,118.82923398944178,272.26478758169935,153.43555359225758
WE09,6,0.0,319.248820754717,319.248820754717
WE09,12,0.0,319.248820754717,319.248820754717
WE09,18,0.0,319.248820754717,319.248820754717
WE09,24,0.0,319.248820754717,319.248820754717
WE09,30,0.0,319.248820754717,319.248820754717
WE09,36,0.0,319.248820754717,319.248820754717
WE09,42,0.0,319.248820754717,319.248820754717
WE09,48,0.0,319.248820754717,319.248820754717
WE09,54,0.0,319.248820754717,319.248820754717
WE10,6,0.0,319.248820754717,319.248820754717
WE10,12,0.0,319.248820754717,319.248820754717
WE10,18,0.0,319.248820754717,319.248820754717
WE10,24,0.0,319.248820754717,319.248820754717
WE10,30,0.0,319.248820754717,319.248820754717
WE10,36,0.0,319.248820754717,319.248820754717
WE10,42,0.0,319.248820754717,319.248820754717
WE10,48,0.0,319.248820754717,319.248820754717
WE10,54,0.0,319.248820754717,319.248820754717
WL01,6,0.0,61.78223684210527,61.78223684210527
WL01,12,0.0,61.78223684210527,61.78223684210527
WL01,18,0.0,61.78223684210527,61.78223684210527
WL01,24,0.0,61.78223684210527,61.78223684210527
WL01,30,0.0,61.78223684210527,61.78223684210527
WL01,36,0.0,61.78223684210527,61.78223684210527
WL01,42,0.0,61.78223684210527,61.78223684210527
WL01,48,0.0,61.78223684210527,61.78223684210527
WL01,54,0.0,61.78223684210527,61.78223684210527
WL02,6,0.0,317.93952777777776,317.93952777777776
WL02,12,0.0,317.93952777777776,317.93952777777776
WL02,18,0.0,317.93952777777776,317.93952777777776
WL02,24,0.0,317.93952777777776,317.93952777777776
WL02,30,0.0,317.93952777777776,317.93952777777776
WL02,36,0.0,317.93952777777776,317.93952777777776
WL02,42,0.0,317.93952777777776,317.93952777777776
WL02,48,0.0,317.93952777777776,317.93952777777776
WL02,54,0.0,317.93952777777776,317.93952777777776
WL03,6,0.0,173.17408496732025,173.17408496732025
WL03,12,0.0,173.17408496732025,173.17408496732025
WL03,18,0.0,173.17408496732025,173.17408496732025
WL03,24,0.0,173.17408496732025,173.17408496732025
WL03,30,0.0,173.17408496732025,173.17408496732025
WL03,36,0.0,173.17408496732025,173.17408496732025
WL03,42,0.0,173.17408496732025,173.17408496732025
WL03,48,0.0,173.17408496732025,173.17408496732025
WL03,54,0.0,173.17408496732025,173.17408496732025
WL04,6,0.0,277.3659482758621,277.3659482758621
WL04,12,0.0,277.3659482758621,277.3659482758621
WL04,18,0.0,277.3659482758621,277.3659482758621
WL04,24,0.0,277.3659482758621,277.3659482758621
WL04,30,0.0,277.3659482758621,277.3659482758621
WL04,36,0.0,277.3659482758621,277.3659482758621
WL04,42,0.0,277.3659482758621,277.3659482758621
WL04,48,0.0,277.3659482758621,277.3659482758621
WL04,54,0.0,277.3659482758621,277.3659482758621
WL05,6,0.0,66.17454545454545,66.17454545454545
WL05,12,0.0,66.17454545454545,66.17454545454545
WL05,18,0.0,66.17454545454545,66.17454545454545
WL05,24,0.0,66.17454545454545,66.17454545454545
WL05,30,0.0,66.17454545454545,66.17454545454545
WL05,36,0.0,66.17454545454545,66.17454545454545
WL05,42,0.0,66.17454545454545,66.17454545454545
WL05,48,0.0,66.17454545454545,66.17454545454545
WL05,54,0.0,66.17454545454545,66.17454545454545
WL07,6,0.0,85.73378048780488,85.73378048780488
WL07,12,0.0,85.73378048780488,85.73378048780488
WL07,18,0.0,85.73378048780488,85.73378048780488
WL07,24,0.0,85.73378048780488,85.73378048780488
WL07,30,0.0,85.73378048780488,85.73378048780488
WL07,36,0.0,85.73378048780488,85.73378048780488
WL07,42,0.0,85.73378048780488,85.73378048780488
WL07,48,0.0,85.73378048780488,85.73378048780488
WL07,54,0.0,85.73378048780488,85.73378048780488
WL09,6,0.0,203.93563405797101,203.93563405797101
WL09,12,0.0,203.93563405797101,203.93563405797101
WL09,18,0.0,203.93563405797101,203.93563405797101
WL09,24,0.0,203.93563405797101,203.93563405797101
WL09,30,0.0,203.93563405797101,203.93563405797101
WL09,36,0.0,203.93563405797101,203.93563405797101
WL09,42,0.0,203.93563405797101,203.93563405797101
WL09,48,0.0,203.93563405797101,203.93563405797101
WL09,54,0.0,203.93563405797101,203.93563405797101
WP04,3,493.50834216313785,220.45000000000002,273.0583421631378
WP04,6,124.31092497698137,220.45000000000002,96.13907502301865
WP04,9,64.17174208450149,220.45000000000002,156.27825791549853
WP04,12,29.0498250474285,220.45000000000002,191.40017495257152
WP04,15,19.626882089769015,220.45000000000002,200.823117910231
WP04,18,11.253308223151805,220.45000000000002,209.1966917768482
WP04,21,5.346507340405736,220.45000000000002,215.10349265959428
WP04,24,0.0,220.45000000000002,220.45000000000002
WP04,27,0.0,220.45000000000002,220.45000000000002
WP05,3,369.6903801292018,129.54333333333332,240.14704679586848
WP05,6,116.06055739663117,129.54333333333332,13.482775936702154
WP05,9,54.88101204547732,129.54333333333332,74.662321287856
WP05,12,20.662184995396274,129.54333333333332,108.88114833793705
WP05,15,13.688681829607884,129.54333333333332,115.85465150372544
WP05,18,7.502205482101203,129.54333333333332,122.04112785123212
WP05,21,3.564338226937153,129.54333333333332,125.97899510639617
WP05,24,0.0,129.54333333333332,129.54333333333332
WP05,27,0.0,129.54333333333332,129.54333333333332
WT11,12,19459.414032741784,698.7616666666667,18760.65236607512
WT11,24,14994.828348436624,698.7616666666667,14296.066681769957
WT11,36,12106.724568830063,698.7616666666667,11407.962902163395
WT11,48,10007.737762331644,698.7616666666667,9308.976095664977
WT11,60,8389.120723108997,698.7616666666667,7690.359056442331
WT11,72,7108.477131874848,698.7616666666667,6409.715465208182
WT11,84,6116.329292759865,698.7616666666667,5417.567626093199
WT11,96,5203.825916267493,698.7616666666667,4505.064249600827
WT11,108,4367.629036111062,698.7616666666667,3668.8673694443955
WT41,12,505.21761212411377,574.88,69.66238787588622
WT41,24,125.87345987752065,574.88,449.00654012247935
WT41,36,53.52447242431719,574.88,521.3555275756828
WT41,48,7.348319375613286,574.88,567.5316806243867
WT41,60,0.0,574.88,574.88
WT41,72,0.0,574.88,574.88
WT41,84,0.0,574.88,574.88
WT41,96,0.0,574.88,574.88
WT41,108,0.0,574.88,574.88
